{"p_x": 2.600481061373869, "p_y": 1.0321755399153019, "orien_z": -0.9931402646032322, "orien_w": -0.11692910169766091}